User Address,NB TX,NATIVE DROP,STARGATE SWAP,src | dest | contract,day | week | month,Initial Active Date,Last Active Date,isSybil
0xb8defd92a3e6e1c930b85a02af1024f5defe11b1,8,0.00,114829.74,4 | 2 | 1,7 | 5 | 2,2023-09-11,2023-10-31,false
0x1234e2efbcb9dbc0a1f61e16440d1131735efb7f,2,0.00,10250.88,2 | 1 | 1,2 | 2 | 1,2023-10-27,2023-10-31,false
0x07fbf09996768e2e25ba051b415e8ec8d8e7cd54,9,0.00,789.64,5 | 4 | 6,2 | 2 | 2,2023-05-28,2023-06-04,false
0x221e25ad7373fbaf33c7078b8666816586222a09,0,0.00,0.00,0 | 0 | 0,0 | 0 | 0,,,false
0x221e25ad7373fbaf33c7078b8666816586222a09,0,0.00,0.00,0 | 0 | 0,0 | 0 | 0,,,false
0xc730ff9e249d257c689a858204bd5d6c9a47973a,0,0.00,0.00,0 | 0 | 0,0 | 0 | 0,,,false
0xa3bdfeaac534816203cf9b693df1e156977d4b46,0,0.00,0.00,0 | 0 | 0,0 | 0 | 0,,,false
0xa411977dd24f1547065c6630e468a43275cb4d7f,0,0.00,0.00,0 | 0 | 0,0 | 0 | 0,,,false
0x8831c15b344354bf2e36e01d9bc9f39701cdb87d,0,0.00,0.00,0 | 0 | 0,0 | 0 | 0,,,false
0xa0d0ee5f6a5509fc64bb5a00f425431594d4bba2,2,0.00,0.00,1 | 1 | 1,2 | 2 | 2,2023-07-15,2023-10-19,false
0x2ab60c81a86a0a405ea939461bfec27c04fd122c,35,0.00,1827.18,5 | 11 | 7,23 | 12 | 6,2023-05-22,2023-11-17,false
0x756ae42e291ec46eef4a35544fac4edc7ca9ad7c,29,0.00,354.60,5 | 9 | 7,18 | 9 | 5,2023-05-26,2023-10-05,false
0xd42d5f73b008e4e121c8691691927751e64ced3f,30,0.00,1905.45,5 | 10 | 7,17 | 11 | 6,2023-05-23,2023-11-18,false
0xefb347ed184e837d8ca6ae56c2bd8b3a6a2de207,28,0.00,314.73,5 | 9 | 7,18 | 9 | 5,2023-05-30,2023-09-01,false
0x73706fd05be36777782110a42984ff889ad6879f,41,0.00,2024.72,5 | 10 | 7,21 | 11 | 6,2023-05-19,2023-11-17,false
0x8e0e7f976fbe64653aa5115de344ae9d4f5e01f2,29,0.00,369.15,5 | 9 | 7,19 | 11 | 5,2023-05-26,2023-09-01,false
0x8daee965bcb2b389757933952a5c782df1b6c6f0,32,0.00,453.88,5 | 9 | 7,20 | 10 | 5,2023-05-30,2023-09-01,false
0x1e046ef6cad9acc3c79543f67db60859dbb95ed0,33,0.00,461.29,5 | 9 | 6,22 | 10 | 5,2023-05-25,2023-09-01,false
0x23f5ee4cd65bb78434f029f78cb0de651f86ad2a,32,0.00,1981.11,5 | 10 | 6,19 | 11 | 6,2023-05-23,2023-11-18,false
0x2da53f28bd2bece7ad4471a415816a189b1dce4a,34,0.00,401.86,5 | 9 | 7,20 | 12 | 5,2023-05-28,2023-09-01,false
0x71826898d4bef7719ae2f8c1b6128a17f9dc181a,28,0.00,1970.94,5 | 10 | 7,17 | 8 | 5,2023-05-22,2023-11-17,false
0x0e900899f4882910bf5fcfa35eb484190a0a421a,28,0.00,441.66,5 | 9 | 7,18 | 10 | 5,2023-05-30,2023-09-01,false
0x22cee2d3720e000e3870e26fba5110f0b167916d,32,0.00,1916.84,5 | 10 | 7,19 | 9 | 5,2023-05-22,2023-11-17,false
0x0247825aa5295e7988273154fc5c38eb6fa800e4,38,0.00,1999.25,5 | 10 | 7,19 | 12 | 6,2023-05-19,2023-11-17,false
0x746d7ff8026e5c2de67fda5dad73aac71de4708d,26,0.00,435.57,5 | 9 | 7,14 | 8 | 4,2023-05-24,2023-09-04,false
0xad87fe949058c8193cc24ff410d601516f751a9c,30,0.00,322.43,5 | 8 | 6,22 | 12 | 5,2023-05-25,2023-09-01,false
0x1ab413228d17f8b0b8cece52ad3ca4aba6768d4a,38,0.00,1916.95,5 | 10 | 7,21 | 12 | 6,2023-05-19,2023-11-17,false
0x9274acc00f3a75540e114bd30b9132e161faf82a,32,0.00,435.89,5 | 9 | 7,21 | 12 | 6,2023-05-30,2023-11-02,false
0xc137b8259c9aa1b8a88d8c2af1ab1d61d84da450,30,0.00,1925.36,5 | 10 | 7,18 | 10 | 5,2023-05-24,2023-11-17,false
0x106cb050cd7396c3631ccf72ab6bd232789ee2ae,32,0.00,326.29,5 | 9 | 7,19 | 11 | 5,2023-05-30,2023-09-01,false
0x3394e726e073ac2419c9d4ffdf4bbd72d495b7a5,28,0.00,312.97,5 | 8 | 6,19 | 10 | 5,2023-05-30,2023-09-01,false
0x38adc8b958f114be94f395f3e6ee6409273f46e5,30,0.00,461.40,5 | 9 | 7,18 | 11 | 5,2023-05-28,2023-09-01,false
0x236f0e468f540a2fe15e6da87ee2d799115c46ad,27,0.00,367.60,5 | 9 | 6,18 | 9 | 5,2023-05-25,2023-09-01,false
0xe184c902fbc515ef9e7f9a135e50408d86602d31,33,0.00,1985.39,5 | 10 | 7,19 | 11 | 6,2023-05-23,2023-11-18,false
0x33a6dd32dd56c319b102cc801e6383dfef350836,30,0.00,341.56,5 | 8 | 6,19 | 9 | 5,2023-05-29,2023-10-05,false
0xb6a3cb2552003e566fd9e5d2f72bee19d97407f7,32,0.00,1863.05,5 | 10 | 7,21 | 12 | 6,2023-05-22,2023-11-17,false
0xa6b59bd981a811350a723ebc0ffa2c8d9f44e97e,24,0.00,291.67,5 | 9 | 7,14 | 8 | 5,2023-05-30,2023-09-01,false
0x010c0af90a3557dd0b2658232e912c404dcee0ae,28,0.00,430.94,5 | 9 | 7,16 | 8 | 4,2023-05-30,2023-09-04,false
0xfe5f2784dbd7f70796f9c59c6b4123b943ba3c48,32,0.00,335.35,5 | 9 | 7,21 | 11 | 5,2023-05-24,2023-09-01,false
0xa1a40f126a5ceecd9f390879a07bf29f8263a868,56,0.00,703.14,5 | 9 | 7,16 | 11 | 5,2023-05-26,2023-09-01,false
0x58279c5944890f9c66584eaebddde5ed748dc51b,30,0.00,313.46,5 | 8 | 6,23 | 11 | 5,2023-05-25,2023-09-01,false
0x858267eb02067e5897a9618dce0e2639cf93c0b2,33,0.00,444.13,5 | 9 | 7,20 | 11 | 5,2023-05-25,2023-09-01,false
0xd19cd1baf21dca3ef56636e90c6d2002cbf936a0,27,0.00,257.18,5 | 9 | 7,17 | 9 | 4,2023-05-28,2023-09-04,false
0x2ba5c48bcb285bcd38e12f249d39f55ccb5a7e26,31,0.00,407.54,5 | 9 | 7,16 | 8 | 4,2023-05-24,2023-09-05,false
0xf034e7d0b10b6c8dbd9592bfa69cedaa44acce7e,24,0.00,362.60,5 | 9 | 7,15 | 9 | 5,2023-05-26,2023-09-01,false
0x6235f5ed3bcc932965a9e14ecc1e7ff07d36741d,27,0.00,425.84,5 | 8 | 7,18 | 10 | 5,2023-05-29,2023-09-01,false
0x631a9d80049d171c34f5ea7a258523a5750027f2,28,0.00,481.52,5 | 8 | 6,18 | 9 | 5,2023-05-28,2023-09-01,false
0x7064c1d700b4a8a878897f655f0af2a42fdf35c6,25,0.00,405.03,5 | 9 | 7,16 | 8 | 5,2023-05-30,2023-09-01,false
0xa4f031c34f192ce46676d558b3edc40b5f8609b6,29,0.00,324.48,5 | 9 | 7,19 | 9 | 5,2023-05-29,2023-10-05,false
0x849b18f08496c226915708bc09610d3788fa87e0,32,0.00,1891.20,5 | 10 | 7,18 | 9 | 5,2023-05-19,2023-11-17,false
0x7a13e7c344f66d58cf9340e074e205f87b8d1e53,28,0.00,295.23,5 | 8 | 6,19 | 10 | 5,2023-05-29,2023-09-01,false
0x0e5e47323f7b2613c3caf371ab950f8fdebc9ea5,33,0.00,389.66,5 | 9 | 7,21 | 11 | 5,2023-05-24,2023-09-01,false
0x890cecec6dc6c3ff6464297de7a3715f0ce43e7b,31,0.00,252.43,5 | 9 | 7,21 | 12 | 5,2023-05-26,2023-09-01,false
0x9573be9767cd4d09e226093f3c6da4f13e5b1031,35,0.00,347.43,5 | 9 | 7,22 | 12 | 6,2023-05-24,2023-11-02,false
0x12d1a5b175fea43b199b2489cfd56e5cf157f186,28,0.00,343.86,5 | 9 | 7,16 | 9 | 5,2023-05-30,2023-10-05,false
0x99388c2370b697ae7e8d7ec241bf1ac1c6e0cd52,28,0.00,303.22,5 | 9 | 7,16 | 8 | 4,2023-05-25,2023-09-04,false
0x4f46c6c16e572ce99c1d08c6fa85463f6119ab54,30,0.00,262.59,5 | 8 | 6,23 | 11 | 5,2023-05-28,2023-09-01,false
0x7308426070aa41b413fc5b0fee3e964d66495597,27,0.00,302.83,5 | 9 | 7,17 | 10 | 5,2023-05-28,2023-10-05,false
0x9c38469de7601f08a29a3a3359d40f3fd853bf42,27,0.00,305.89,5 | 9 | 7,17 | 9 | 5,2023-05-30,2023-10-05,false
0xc3d34b43c20ae9cf838abdd3e66ebff4b5bf533a,32,0.00,314.05,5 | 9 | 7,20 | 12 | 5,2023-05-25,2023-09-01,false
0xc46c7c4afa6909790e4fe96ec3a4b019498ef1c3,31,0.00,332.50,5 | 8 | 6,24 | 12 | 5,2023-05-28,2023-09-01,false
0x0cd1edf69412061fb059ed7a917e5540797c5639,29,0.00,359.21,5 | 8 | 6,20 | 11 | 5,2023-05-28,2023-09-01,false
0xad222fe2cafa21f4fa1d139cca9b83667d2d1dc9,35,0.00,274.91,5 | 9 | 7,24 | 11 | 5,2023-05-30,2023-09-01,false
0x5b08f5184aedd2b91f9dc335df66841d6a088d0a,36,0.00,460.71,5 | 9 | 7,23 | 10 | 5,2023-05-25,2023-09-01,false
0xb0c982832968e927f2af25c477d58bb1d042cf61,29,0.00,321.45,5 | 8 | 6,19 | 12 | 5,2023-05-28,2023-09-01,false
0xf2265f12eb805c4fa61ebbc55f1bcb14b2a273e9,28,0.00,325.59,5 | 9 | 7,17 | 11 | 5,2023-05-26,2023-09-01,false
0x8451d0ec9626ef9ef17fab250cad91698e2b8a79,33,0.00,363.86,5 | 9 | 7,21 | 12 | 6,2023-05-30,2023-11-02,false
0xf21cb22cbb056505140bb724538dbdb1b717ad7f,50,0.00,766.41,5 | 9 | 7,15 | 9 | 5,2023-05-26,2023-09-01,false
0x8e7a5ed44348370a1744063e7581859151b83c0c,30,0.00,361.35,5 | 9 | 7,18 | 12 | 5,2023-05-25,2023-09-01,false
0xcc91bc24da106d2b24588c1ec33cc7124274bddc,34,0.00,1912.91,5 | 10 | 6,22 | 12 | 6,2023-05-22,2023-11-17,false
0x361fd4ec693cbe9eeb3d049f1da9744d95b114b3,27,0.00,350.21,5 | 9 | 7,17 | 10 | 5,2023-05-29,2023-09-01,false
0xe6ea9c3cf63d0b81e3e16792b8edabc878e8a7b7,35,0.00,1985.07,5 | 10 | 7,23 | 12 | 6,2023-05-23,2023-11-17,false
0xebdaecb36ea2949906f4cc8189eef8b7ff5932a8,37,0.00,1841.83,5 | 10 | 7,20 | 12 | 6,2023-05-19,2023-11-17,false
0x7874ac409efc190b1bd5b16def593f5c66748b9a,29,0.00,376.37,5 | 8 | 6,22 | 11 | 5,2023-05-30,2023-09-01,false
0x25f6852c84adbf5d43553e04619dce585819cdf7,31,0.00,415.30,5 | 8 | 6,19 | 10 | 5,2023-05-24,2023-10-05,false
0x34d3333e2676af8cb7e2ef8cd32defd7e2810bb1,27,0.00,1854.55,5 | 10 | 7,17 | 8 | 5,2023-05-23,2023-11-17,false
0x7aae12362269aeba36dfcbec85b062adcc0c2a9d,29,0.00,321.83,5 | 9 | 7,21 | 10 | 5,2023-05-25,2023-09-01,false
0x8b7e89a5a6b3ebbd816f11becbf48eeded782c4e,27,0.00,373.38,5 | 9 | 7,17 | 10 | 5,2023-05-25,2023-09-01,false
0xf0904371e46ffe47bd7cb771b544a6ed18869ec4,33,0.00,1837.84,5 | 11 | 7,22 | 11 | 6,2023-05-22,2023-11-17,false
0xd21eb2fc0b6d3c4b09d2d8bd0ffbdc5cd5e21571,28,0.00,364.01,5 | 9 | 7,19 | 7 | 4,2023-05-30,2023-09-05,false
0xf332d130293a4e5f9a62b1106a968ae08770ccb4,24,0.00,337.65,5 | 9 | 7,14 | 8 | 5,2023-05-30,2023-09-01,false
0x4a87cec8e683070b3bf322428165fb775e4e13ff,38,0.00,1950.09,5 | 10 | 7,22 | 12 | 6,2023-05-19,2023-11-17,false
0x50b9cda79ec0b042e9c20885aecc3c53d6feab4f,36,0.00,1800.17,5 | 10 | 7,21 | 12 | 6,2023-05-19,2023-11-17,false
0x04ec9b259cb56fe38f60bffabfc0fa1261446fed,27,0.00,2032.31,5 | 9 | 6,18 | 8 | 5,2023-05-23,2023-11-18,false
0xfe6c8f083894a4e00e0a9c246745f24c47f82700,39,0.00,1949.27,5 | 10 | 7,21 | 12 | 6,2023-05-19,2023-11-17,false
0x0b9c3e6e9d6970702b26853fcaeca2d276569c45,31,0.00,435.80,5 | 8 | 6,21 | 10 | 5,2023-05-29,2023-09-01,false
0xb22846a155fba0403e2b0e090278ef8fb408cbbe,28,0.00,431.92,5 | 9 | 7,17 | 12 | 5,2023-05-26,2023-09-01,false
0x56844ffa7fdd5494b9a5ff6d20430e7122ad327d,29,0.00,286.13,5 | 9 | 7,21 | 11 | 5,2023-05-25,2023-09-01,false
0xac8db69a1b716a7092bc3179757cb4febb5bfcb6,28,0.00,201.08,5 | 9 | 7,23 | 12 | 6,2023-05-26,2023-11-02,false
0xa5d06a41f1b87812e5db13e7a01ea4b34761dfd2,32,0.00,305.88,5 | 9 | 7,20 | 11 | 5,2023-05-25,2023-09-01,false
0x60e7c87e44c00022fc8459eeee0db523a592e906,26,0.00,309.07,5 | 9 | 7,16 | 8 | 5,2023-05-30,2023-09-01,false
0x0a8cb427bf12e7ef79e6e72c1ac2a8cd2c885a49,29,0.00,424.05,5 | 9 | 6,19 | 8 | 4,2023-05-25,2023-09-05,false
0xff0be546d0b377274e1237caed9d39cc9b1d5d02,26,0.00,351.77,5 | 9 | 7,16 | 9 | 5,2023-05-30,2023-09-01,false
0xf39eedc1b5019e85d88a3fa556c6e5589c04fb55,29,0.00,383.83,5 | 9 | 7,19 | 12 | 5,2023-05-28,2023-09-01,true
0xa6c531acfcdbc42a1be31c6ed2d73e63e659ece4,31,0.00,380.53,5 | 8 | 6,23 | 9 | 4,2023-05-30,2023-09-05,false
0xea3db8ec09ba3cae2081e12c00f28a81e92f8f07,29,0.00,402.60,5 | 8 | 6,22 | 11 | 5,2023-05-25,2023-09-01,false
0xcd602aafebfcf2e320d9dc4543d48ae315593230,26,0.00,267.69,5 | 9 | 7,18 | 11 | 5,2023-05-26,2023-09-01,true
0xdbc757aaa51834b5863f06d5161a1f7bf4e45fb1,27,0.00,417.95,5 | 8 | 6,17 | 7 | 4,2023-05-30,2023-09-05,false
0x45a3f0bf4807d72201d52e31342937d468e66375,30,0.00,335.78,5 | 8 | 6,22 | 11 | 5,2023-05-29,2023-09-01,false
0xd7b6283e9f6c11ac6126609bfb827b47e9930024,30,0.00,322.45,5 | 9 | 7,22 | 12 | 5,2023-05-26,2023-09-01,true
0x1c05be0e011cedec70ace30403a895a155a8d0ee,32,0.00,348.05,5 | 9 | 7,20 | 11 | 5,2023-05-24,2023-09-01,false
0x2cf14b8ac2fb8fb9e5dc6ad4bb82d08c15b878ac,30,0.00,494.96,5 | 9 | 6,16 | 7 | 4,2023-05-26,2023-09-04,false
0x32c9b7036667aa52709e81c7131118e4c96caf34,23,0.00,280.39,5 | 9 | 7,13 | 8 | 5,2023-05-30,2023-09-01,false
0x4dfddab2f6d3dc04ca8a1f31c6ce8517cc951410,35,0.00,300.57,5 | 9 | 7,22 | 10 | 5,2023-05-26,2023-09-01,false
0x0be57a9eed5d3af8e3eb58c41b81c6a71b3c1679,27,0.00,236.23,5 | 9 | 7,17 | 8 | 4,2023-05-26,2023-09-04,false
0x402d6b7c01b189b24a5e9720ae2bf435c0432be2,28,0.00,339.60,5 | 9 | 7,18 | 9 | 5,2023-05-30,2023-09-01,false
0xf0bc9a9fd6d671ccdab9e6e299b58e6c69da58d1,28,0.00,301.31,5 | 9 | 7,17 | 10 | 5,2023-05-30,2023-09-01,true
0xd1bfd84eab3c75afa1327f34948c47bceb089ee3,48,0.00,3378.68,5 | 8 | 2,8 | 4 | 3,2023-07-26,2023-10-14,false
0x8fe88bd157903dfdd6c3be120fa97c8174031eb3,28,0.00,378.97,5 | 9 | 7,18 | 10 | 5,2023-05-26,2023-10-05,false
0x5bf6e891dd545f40498fdedd379dc6904f75b5e7,32,0.00,246.72,5 | 9 | 7,21 | 12 | 6,2023-05-28,2023-11-02,false
0x110efa6a49756c2275f7c7ddbf00b249c860ac68,37,0.00,507.27,5 | 9 | 6,23 | 11 | 5,2023-05-25,2023-09-02,false
0xf31e86fd909c6e2b6225627883ff82db0c634171,31,0.00,1896.61,5 | 10 | 7,20 | 9 | 5,2023-05-23,2023-11-18,false
0x58186227beff804e8c8fe72ceea9d5e1ef8e5e2b,30,0.00,374.67,5 | 9 | 7,21 | 11 | 5,2023-05-28,2023-09-01,false
0x2c4ce7b044462b5bfd98be00deda017bfeda81c4,29,0.00,398.25,5 | 8 | 6,21 | 11 | 5,2023-05-28,2023-09-01,false
0x3651e24422e6091aa41e3625ae130da2c4caa5e6,29,0.00,408.81,5 | 9 | 7,18 | 10 | 5,2023-05-26,2023-10-05,false
0x60d9684796ed900828ce85d9d885698ef69ba164,29,0.00,339.04,5 | 9 | 7,18 | 10 | 5,2023-05-26,2023-09-01,false
0xbfcbb3630af3f101d41909d9bfc99bda8cfa27b0,27,0.00,1979.69,5 | 10 | 6,18 | 9 | 5,2023-05-22,2023-11-17,false
0x74d18272ebdcfd4b4b8f7bc74e78c775239b27e8,27,0.00,353.11,5 | 9 | 7,15 | 9 | 5,2023-05-28,2023-09-01,false
0xe1958f6f2a8727639e607af0c1a6aba9c8dbdfc2,31,0.00,356.26,5 | 8 | 6,22 | 12 | 6,2023-05-25,2023-11-02,false
0x67487f5142c09379d9846f955667a903a87ec743,26,0.00,351.32,5 | 9 | 7,19 | 9 | 5,2023-05-25,2023-09-01,false
0xf03effadc845769cf84b17a14efb4a1fa68e234e,29,0.00,308.83,5 | 9 | 7,17 | 10 | 5,2023-05-25,2023-09-01,true
0xe908340175f0fdab002cae2f441266526af882ed,34,0.00,322.66,5 | 9 | 7,24 | 12 | 6,2023-05-25,2023-11-02,false
0xdd4ef2a5d419d787138128c2616bd71a81c23aa8,30,0.00,323.75,5 | 8 | 6,21 | 10 | 5,2023-05-30,2023-09-01,false
0x932ac833e380e3c7bdbdc6175c9312e8d9ea969e,30,0.00,443.07,5 | 8 | 6,20 | 8 | 4,2023-05-29,2023-10-05,false
0x1cb6ebd3dc113819466239e7ba886d283aadae39,26,0.00,308.20,5 | 8 | 6,18 | 7 | 4,2023-05-30,2023-09-05,false
0xeb1f7e6747ada92d186f955170fd8c57d2c5cf14,32,0.00,1911.03,5 | 10 | 7,21 | 9 | 5,2023-05-22,2023-11-17,false
0x5732a2f4758a17f4cb4d1d592210e55c7b7951a0,30,0.00,255.84,5 | 9 | 7,21 | 12 | 5,2023-05-24,2023-09-01,false
0x4c0f0f88c6767a51a78d5f5e8f5bc87e06fefb01,34,0.00,405.03,5 | 9 | 7,23 | 10 | 5,2023-05-25,2023-09-01,false
0x14ae308929fd68a3b19acad6d466fe0e41830495,26,0.00,316.52,5 | 9 | 7,16 | 9 | 5,2023-05-28,2023-09-01,false
0xc8ab28ad209aafdb8ff4155525e24942cbccaabf,28,0.00,285.94,5 | 9 | 7,16 | 9 | 4,2023-05-25,2023-09-05,false
0xc83e4087cd342ea3a4dab7b025d40b217288af85,25,0.00,362.78,5 | 8 | 7,15 | 12 | 6,2023-05-25,2023-11-02,false
0x9a347e18af12757c52f0d49577cffdc721a69e11,105,3.88,7708.35,14 | 17 | 18,51 | 20 | 9,2022-10-31,2023-11-17,true
0xaba36255de138cc6084b63ee20055c6b5c622277,37,0.00,1946.35,5 | 9 | 6,22 | 13 | 6,2023-05-19,2023-11-17,false
0x15b00e93de4e7c66e619ae9a5d09b91fe846bad9,33,0.00,430.60,5 | 9 | 6,21 | 10 | 5,2023-05-25,2023-09-01,false
0x04d29a2079946722337724ceb6c47f609c4ae063,27,0.00,269.99,5 | 8 | 6,20 | 11 | 5,2023-05-26,2023-09-01,false
0xc52892cb91414ade4e569a8fb53d5d49e72903b5,40,0.00,1860.84,5 | 10 | 7,22 | 12 | 6,2023-05-19,2023-11-17,false
0xa9fc439b7bdd445c694e49ad6113e7ddaad1866a,29,0.00,339.92,5 | 8 | 6,19 | 10 | 5,2023-05-30,2023-09-01,false
0x3dbb3faacca2b940ca5d18a8b03d2c7d6b6ca1fa,23,0.00,271.95,5 | 8 | 7,12 | 8 | 4,2023-05-24,2023-09-04,false
0x8e7f07a26075865668dd68376ef82925f8531d4b,34,0.00,481.53,5 | 8 | 6,25 | 11 | 5,2023-05-28,2023-09-01,false
0x8bc649ecef713a7a9b541494db91560b87bf3625,24,0.00,347.77,5 | 9 | 7,13 | 8 | 4,2023-05-28,2023-09-04,false
0x1d33b64a3790d0592e421ca604757fb2893954b8,27,0.00,398.28,5 | 9 | 7,17 | 8 | 4,2023-05-28,2023-09-05,false
0x6dbb6d17150a53612182cfd234e934a8a66eb76d,28,0.00,224.33,5 | 9 | 7,19 | 10 | 5,2023-05-30,2023-09-01,false
0x9f1fa257324b126d0d94d63d65127663daa9a4d7,31,0.00,410.71,5 | 9 | 7,18 | 12 | 5,2023-05-24,2023-09-01,false
0x816309a52515b4eae23720155275c86a2214527c,25,0.00,315.09,5 | 9 | 7,14 | 8 | 5,2023-05-25,2023-09-01,false
0x717a23c17dd50dcdd0469e34beadfbf0e1870f6c,33,0.00,1954.53,5 | 10 | 7,23 | 12 | 6,2023-05-23,2023-11-18,true
0xb855c139012ba160dc0b1597b3c6521af475f778,33,0.00,387.81,5 | 9 | 7,21 | 11 | 5,2023-05-24,2023-09-01,false
0xd7f1506fcc06cf521ec27c94987f689c015d46bc,32,0.00,299.46,5 | 9 | 7,20 | 11 | 5,2023-05-25,2023-09-01,false
0xa80efc47afc0dd68757d11fb839bea59fc7327cd,31,0.00,334.98,5 | 9 | 7,20 | 10 | 5,2023-05-30,2023-09-01,false
0x47e22ce02f44c06ee8434201821da73f950dee15,26,0.00,387.26,5 | 8 | 6,17 | 7 | 4,2023-05-30,2023-09-04,false
0x8391d87f3251ad50f28f2b049ecd536af986b1a3,26,0.00,234.57,5 | 9 | 7,18 | 8 | 5,2023-05-30,2023-09-01,false
0xd35a335bb46d1536baf66532c28f08e2bc1a9d11,30,0.00,384.40,5 | 9 | 7,20 | 9 | 4,2023-05-28,2023-09-05,false
0xd6df7bfbaaf6ab18798e964f0bc23e6fa6cc25e4,28,0.00,350.56,5 | 9 | 7,19 | 9 | 5,2023-05-30,2023-09-01,false
0x558d981608a4fa3c2bdad5318868241c7078a94e,25,0.00,375.17,5 | 9 | 7,16 | 8 | 5,2023-05-26,2023-09-01,false
0x0c99bffbf598d53529680d0f925fbb8b31addbb0,27,0.00,335.85,5 | 9 | 7,18 | 9 | 4,2023-05-28,2023-09-05,false
0x0aba0d7431756b6599de7d1020e29226eef9514f,32,0.00,320.36,5 | 9 | 7,24 | 11 | 5,2023-05-28,2023-09-01,false
0x0f0bf9f91d03564857a6a6e4d33b577a30c7ce14,33,0.00,359.40,5 | 9 | 6,22 | 11 | 5,2023-05-25,2023-09-01,false
0xd057c882442d744ea7b5cd588afed3d8bd3841a3,25,0.00,245.60,5 | 9 | 7,15 | 9 | 5,2023-05-30,2023-10-05,false
0x917bf050ee00449f130c3d8dc1c079274769519d,30,0.00,372.20,5 | 9 | 7,21 | 12 | 6,2023-05-28,2023-11-02,false
0x73e0a694edb9945949514c459df59087d0a2b643,28,0.00,350.22,5 | 9 | 7,20 | 10 | 5,2023-05-28,2023-10-05,false
0x4150a3a0d3a900d63ec59aa0d84e4010a669a480,29,0.00,334.12,5 | 9 | 7,20 | 10 | 5,2023-05-29,2023-09-01,false
0x6f8b48e18a72447597a317916cc6ec0a1408379a,34,0.00,1930.20,5 | 11 | 7,21 | 13 | 6,2023-05-22,2023-11-17,false
0x3062d0889f2649658797fb827a6715bc278b223d,31,0.00,383.59,5 | 9 | 6,21 | 10 | 5,2023-05-25,2023-09-01,false
0xd3bcb7cef47b7d5ab2078699278c9510d19d8437,26,0.00,312.03,5 | 9 | 7,15 | 9 | 5,2023-05-30,2023-10-05,false
0x34a896999916ffbebf2a4a950b115313fdcb72e4,35,0.00,1755.32,5 | 9 | 6,20 | 11 | 6,2023-05-22,2023-11-17,false
0xb5263c5dc21119795315503918471b37660b1ec4,32,0.00,333.18,5 | 8 | 6,24 | 10 | 5,2023-05-30,2023-09-02,false
0x9513c1f4c05be5757c483d8f87e15bf31cabb444,31,0.28,6655.97,6 | 7 | 5,8 | 7 | 4,2023-06-18,2023-10-18,false
0x205955d8591591cfa63c26c948dfc91bf4287008,26,0.00,439.98,5 | 9 | 6,14 | 8 | 5,2023-05-26,2023-09-01,false
0x0569572173156c741c76034aa3a35aee91bbd242,30,0.00,1847.61,5 | 10 | 6,17 | 10 | 6,2023-05-23,2023-11-17,false
0x3a9fde77c30b321287165ebc558ead1b56f46c1e,46,0.00,1950.70,5 | 9 | 6,24 | 13 | 6,2023-05-19,2023-11-17,false
0x61cf0fa106a149969947f7eb8876fd8a7f1f06d8,37,0.00,1923.82,5 | 10 | 7,22 | 12 | 6,2023-05-22,2023-11-17,false
0xa8cc35f8b918c7ba57d059455e1c58261a1a9a95,35,0.00,1931.96,5 | 9 | 6,21 | 11 | 6,2023-05-23,2023-11-17,false
0xab67b75cd921e01ad67b6d1656c374a4613f817d,27,0.00,351.98,5 | 9 | 7,17 | 11 | 5,2023-05-26,2023-09-01,false
0x8d511171034556e58dc184a4b8353e3650acdde1,40,0.00,1822.22,5 | 9 | 6,24 | 13 | 6,2023-05-19,2023-11-17,false
0xf3ae6f64b2a00596ed066ccd3b9c36831f5d0e06,31,0.00,383.59,5 | 9 | 7,21 | 12 | 5,2023-05-28,2023-09-01,true
0xf53a11c7dde4558140b308e254a85ff712a7431a,32,0.00,394.30,5 | 8 | 6,21 | 12 | 5,2023-05-26,2023-09-01,false
0x182c68e93f0e09e5f4b5cd8f199dfda8920b2282,27,0.00,354.98,5 | 9 | 7,17 | 8 | 4,2023-05-26,2023-09-04,false
0x7efff6845063c014946fcd010b3671feff95d6dc,44,0.26,8380.01,10 | 18 | 10,26 | 21 | 9,2022-11-02,2023-11-11,false
0x415078e286dadc489d4b58715beb28db8e1a897b,28,0.00,365.67,5 | 8 | 6,17 | 9 | 4,2023-05-26,2023-09-04,false
0xbe26809ef89b0d8003b78b74f03be7669ea0ed31,32,0.00,1952.00,5 | 10 | 7,19 | 11 | 6,2023-05-23,2023-11-17,false
0x0c8e140ae4104aef9d63ec5d54e69d2d312c99fa,29,0.00,312.58,5 | 9 | 7,19 | 11 | 5,2023-05-28,2023-09-01,false
0xc49d5d93ba1689512a721bb4dd553cfb82571478,30,0.00,1810.12,5 | 11 | 7,18 | 9 | 5,2023-05-22,2023-11-17,false
0x63e46e7d9c7eed2f46a5efc7bebff5fe80cd16ab,35,0.00,1891.32,5 | 9 | 6,21 | 11 | 6,2023-05-22,2023-11-17,false
0xa47209490786e950b3918643f680f0c60ab07fdb,27,0.00,424.13,5 | 8 | 7,17 | 9 | 4,2023-05-25,2023-09-05,false
0xd88941c2975a5c3eb03241e5a3de226d0cef50f4,31,0.00,415.00,5 | 9 | 7,18 | 9 | 5,2023-05-24,2023-09-01,false
0x81d2fdd3d0de8edba471137bf4594c3f0e3029a7,35,0.00,469.79,5 | 8 | 6,23 | 10 | 5,2023-05-30,2023-09-01,false
0xc29159427973c9fefe0bb6f4482f417abe028fd7,27,0.00,341.49,5 | 9 | 7,18 | 11 | 5,2023-05-26,2023-09-01,false
0xefd4cec4ab293297a84d1160ceddb1aec2e24b56,36,0.00,2039.33,5 | 9 | 6,23 | 12 | 6,2023-05-22,2023-11-17,false
0x88433d99d47d0fd300164b399eb9b638e8b89184,32,0.00,321.05,5 | 9 | 7,21 | 11 | 5,2023-05-25,2023-09-01,false
0xdd5e5c367382eed0e7a15d3013628ad8b9999481,29,0.00,373.42,5 | 9 | 7,18 | 9 | 5,2023-05-25,2023-09-01,false
0x260755a46b643c917249e75d79cfd0483335d9ea,23,0.00,309.22,5 | 9 | 7,14 | 8 | 5,2023-05-30,2023-09-01,false
0x6407b05d7d9095b966f5dac5fba1f29b48a8db8c,33,0.00,1784.89,5 | 10 | 7,23 | 13 | 6,2023-05-23,2023-11-17,false
0xbe1b5b6d8c055d2257269d70c3aa8ea96a380e55,30,0.00,401.40,5 | 9 | 7,19 | 10 | 5,2023-05-30,2023-09-01,false
0xd7d541c95258f223018c06e5622f50ff352348ef,26,0.00,368.95,5 | 8 | 6,16 | 8 | 5,2023-05-30,2023-09-01,false
0x1e106204e50f3155b52a14235e9045fed5f064b3,28,0.00,350.21,5 | 8 | 6,18 | 9 | 4,2023-05-28,2023-09-05,false
0xa0ee30cee71ca4bfb1201399d405352a81504188,29,0.00,369.70,5 | 9 | 7,18 | 11 | 5,2023-05-26,2023-09-01,false
0x2fc4d053c7bb37ccdf068877257d4739b1edbc4c,30,0.00,1890.96,5 | 9 | 6,15 | 9 | 6,2023-05-24,2023-11-17,false
0x75c74491c9d07f28fd460baa2623046b254acbb9,27,0.00,347.34,5 | 9 | 7,17 | 9 | 5,2023-05-28,2023-09-01,false
0xc107880a2b30565964d32271dd9ca629ef8ad21a,31,0.00,410.38,5 | 9 | 7,20 | 11 | 5,2023-05-24,2023-09-01,false
0x05a0c5763e37b03cd7264af8de4e12d47d383d7b,33,0.00,1898.65,5 | 10 | 6,18 | 11 | 6,2023-05-23,2023-11-17,false
0x39bc39c84f85cd238ea14a468cedbd22d0fcc8a8,32,0.00,369.08,5 | 9 | 7,23 | 11 | 5,2023-05-30,2023-09-01,false
0xbfca8175c0ff752fb89d6c170886ee31cb12bd1f,29,0.00,312.90,5 | 9 | 7,18 | 12 | 5,2023-05-25,2023-09-01,false
0x00444ee73ee38ea05b791e6fee801f49a36fa949,34,0.00,1961.90,5 | 10 | 6,21 | 12 | 6,2023-05-22,2023-11-17,false
0x22ed5e69afd72b5f92374e92b8bf2da70850b775,27,0.00,419.94,5 | 9 | 7,15 | 8 | 5,2023-05-29,2023-09-01,false
0x4223f8ff93a1165f162227ec271772f5e408ffa4,31,0.00,325.60,5 | 9 | 6,21 | 12 | 5,2023-05-25,2023-09-01,false
0x8d6d67e30656335b015e64bbecda1f823d9c46e3,69,0.00,316.60,7 | 11 | 9,21 | 11 | 5,2023-05-30,2023-09-01,false
0xa0cbbaff4943f8740ad86b315f277e8c56f45281,27,0.00,363.32,5 | 9 | 7,16 | 8 | 5,2023-05-30,2023-09-01,false
0xb09bcfc9c8fd36fc16b8da69f34eb34df2c4bae0,44,0.00,336.43,5 | 11 | 9,18 | 7 | 4,2023-05-30,2023-09-04,false
0x4b6e53eac15cc54d8469e86c2afe40e0bea4bc6c,33,0.00,358.89,5 | 9 | 7,19 | 10 | 5,2023-05-25,2023-09-01,false
0x2c0995ac8896190977367fee864e6ddaec1cb64f,27,0.00,279.68,5 | 9 | 6,19 | 8 | 4,2023-05-25,2023-09-05,false
0x28dbab288ef52cc8d7a5b657eaae204f7791ebe7,31,0.00,299.68,5 | 9 | 6,21 | 9 | 4,2023-05-25,2023-09-05,false
0xaa2311587ed7646c35eebb3bb9563295b6537abc,34,0.00,508.37,5 | 8 | 6,25 | 11 | 5,2023-05-28,2023-09-01,false
0xefe6915c4387358c53950fd9145bb8d72927fe16,29,0.00,1835.89,5 | 9 | 6,16 | 10 | 6,2023-05-23,2023-11-17,false
0x4ed28817d5eb2af2073729f8cbd9e9ad549eac2c,31,0.00,291.09,5 | 9 | 7,19 | 10 | 5,2023-05-30,2023-09-01,false
0x3d8d8a8d15ca456dc1b16f38e88eb46e22699fe8,32,0.00,331.89,5 | 9 | 7,22 | 10 | 4,2023-05-26,2023-09-05,false
0xa94d1456c4e35e3e4ada6a349df9fac18d2e6918,30,0.00,338.09,5 | 9 | 7,19 | 11 | 5,2023-05-30,2023-09-01,true
0x6397b1a14f437c7e9e9f0df47b9aa49a91d1fe75,33,0.00,1953.84,5 | 10 | 7,19 | 10 | 6,2023-05-22,2023-11-17,false
0x762fc1b935c29721bd44006e113166f65dd311a7,25,0.00,366.80,5 | 9 | 7,15 | 9 | 5,2023-05-28,2023-09-01,false
0x9095c6ae6ab03e2c11e04a250a2d56fd5217b12a,28,0.00,364.67,5 | 9 | 7,19 | 11 | 5,2023-05-28,2023-09-01,false
0x191c324282cca7d83171ffb9b89813b66162a304,28,0.00,443.49,5 | 9 | 6,15 | 10 | 5,2023-05-26,2023-09-01,false
0x9a666cc1840cf22000c5594499e5a90553d69306,27,0.00,339.98,5 | 9 | 7,18 | 11 | 5,2023-05-28,2023-09-01,true
0xd89937456cd8eb18fd03863d40a22393e1938aee,36,0.00,1992.49,5 | 10 | 7,18 | 10 | 6,2023-05-19,2023-11-17,false
0x0af58c6db04f8e855e26e8bc2488174bf657c435,27,0.00,286.07,5 | 9 | 7,19 | 9 | 5,2023-05-30,2023-09-01,false
0x47539c5fca273b437b6dfdac53788b71707f517c,28,0.00,339.00,5 | 9 | 7,15 | 8 | 4,2023-05-24,2023-09-05,false
0x0ab80ad7747b9bf7008cdd067f880da1332d0b59,31,0.00,1932.84,5 | 10 | 6,16 | 9 | 6,2023-05-24,2023-11-17,false
0x2377b5fbb0c02eeb7e2f3b570e6cf4668559f939,150,28.17,1628.90,9 | 13 | 6,26 | 13 | 6,2023-02-24,2023-10-30,false
0xaac9864c6c80166795c0e83f1202b584a8deeadc,60,0.00,343.13,7 | 11 | 9,19 | 7 | 4,2023-05-30,2023-09-05,false
0xe1c2a27a83acc47c929989359556319bf8caa7f0,30,0.00,383.17,5 | 9 | 7,19 | 11 | 5,2023-05-28,2023-09-01,false
0x04acd8b93824a2894684335d7f7f0f6b4f3b3a8a,31,0.00,476.78,5 | 9 | 6,19 | 10 | 5,2023-05-25,2023-09-01,false
0xa4123f9fb887db44894481a0c38989792318f9d1,25,0.00,363.85,5 | 9 | 7,14 | 9 | 5,2023-05-29,2023-09-01,false
0x11ee62547e64392450a928c7a18c2f55b4203a11,26,0.00,419.73,5 | 9 | 7,14 | 8 | 5,2023-05-30,2023-09-01,false
0xd15aaefc9b8c4915dd3e18e6eda878fa251826d8,31,0.00,395.79,5 | 9 | 7,20 | 10 | 5,2023-05-29,2023-09-01,false
0xcb8bc7665c71734f901cff278a9de3c5367b29aa,32,0.00,1803.77,5 | 10 | 7,20 | 12 | 6,2023-05-22,2023-11-17,false
0xbd8572965e87cdd1fa466d8551b777bd0df85467,29,0.00,1778.16,5 | 8 | 6,18 | 11 | 6,2023-05-22,2023-11-17,false
0x664e8c06a484a6da7f0b761eb8d04baa0f31c93a,33,0.00,370.23,5 | 9 | 7,22 | 11 | 5,2023-05-30,2023-09-01,false
0xa5897fd627f58a31c7c2fbbd56e8a51e639aff95,25,0.00,251.69,5 | 9 | 7,17 | 8 | 4,2023-05-30,2023-09-04,false
0x3a9cd6fe806f20006c9b8fac103a03d09f551d60,29,0.00,321.54,5 | 9 | 7,18 | 10 | 5,2023-05-30,2023-09-01,false
0x68323d53789ef4fac338028f0834daf40304d7ad,25,0.00,320.95,5 | 8 | 6,17 | 8 | 5,2023-05-30,2023-09-01,false
0xb98ea3d716217313fff3e6016919f65d37b14b68,31,0.00,302.60,5 | 9 | 7,21 | 12 | 5,2023-05-26,2023-09-01,false
0x69fa0dc8fe1e208d4fd970b898bd88d150360ded,28,0.00,173.15,5 | 9 | 7,19 | 9 | 5,2023-05-30,2023-10-05,false
0x9688a1ca901f920b9b05fbd5972dde3f8609d750,21,0.00,365.91,5 | 9 | 7,12 | 9 | 5,2023-05-25,2023-09-01,false
0x01db0c8b42d246d5b60547a8be5bb4b087dc6411,27,0.00,344.76,5 | 9 | 7,17 | 10 | 5,2023-05-30,2023-09-01,false
0xe2810349350c727cc00780719f9d26974a54d2a1,29,0.00,248.43,5 | 9 | 7,20 | 11 | 5,2023-05-26,2023-09-01,false
0x3fe9349797d9df663f7c788b38eb575897cecb36,26,0.00,296.04,5 | 9 | 7,17 | 8 | 4,2023-05-24,2023-09-04,false
0x73932695c79920d7a7a001c9e88652a7f192c74b,29,0.00,360.05,5 | 9 | 7,18 | 11 | 5,2023-05-24,2023-09-01,false
0xcabfc5532382a6e0caadf624c1ab8d13add4c0ae,31,0.00,321.04,5 | 9 | 7,20 | 11 | 5,2023-05-25,2023-09-01,false
0x165af02cb3d999045955357b526c4b8783899cd1,26,0.00,322.17,5 | 9 | 7,14 | 8 | 5,2023-05-30,2023-09-01,false
0x0034aa49bfe3c4386106930066f76e87de204c8a,27,0.00,238.29,5 | 8 | 6,18 | 9 | 5,2023-05-30,2023-10-05,false
0xa21b0346f475f137381067a23254d0f511673eae,33,0.00,1907.87,5 | 10 | 6,21 | 12 | 6,2023-05-24,2023-11-17,false
0x314a1df0e4783f62633a7326fa944c2d5c5ed7f3,32,0.00,383.44,5 | 9 | 7,18 | 9 | 4,2023-05-24,2023-09-04,false
0xaf0ea6d719196b8a866fc4c56109c5a915782ac0,28,0.00,348.36,5 | 9 | 7,16 | 8 | 5,2023-05-30,2023-09-01,false
0xde27e00627a4dfc1901b7ae7a454c7ae4178f4b5,24,0.00,351.58,5 | 9 | 7,15 | 9 | 5,2023-05-24,2023-09-01,false
0xf28e657da326e3389312c2c75701833e3822e0f4,30,0.00,1894.28,5 | 9 | 6,19 | 10 | 6,2023-05-23,2023-11-17,false
0x76c904f2c6c0ab08c6d227db5d4744e0f365ebd6,26,0.00,342.56,5 | 9 | 7,16 | 7 | 4,2023-05-30,2023-09-05,false
0x92d4aef30142e2009211f44832896012e110f5c1,29,0.00,438.80,5 | 9 | 7,18 | 11 | 5,2023-05-24,2023-09-01,false
0x82a9fc7692f6ea1874d7f1d8390e749dc9d16300,31,0.00,1864.00,5 | 10 | 7,21 | 10 | 6,2023-05-24,2023-11-17,false
0xcbf7f3ab63fcd0e625011b23a6685b0087d73bc2,28,0.00,286.85,5 | 9 | 7,18 | 12 | 5,2023-05-26,2023-09-01,false
0x4f8501b9be3f04d37029f8ca6e9e3ffdeca36c86,29,0.00,431.84,5 | 9 | 7,19 | 11 | 5,2023-05-28,2023-09-01,false
0x0dd1baf35640b9c2999ee2c293dff884ab2be717,35,0.00,331.14,5 | 9 | 7,21 | 10 | 5,2023-05-30,2023-09-01,false
0xb1f235477fdfe58d9f811a1303ccfd0eaca6b60d,32,0.00,286.72,5 | 9 | 7,22 | 11 | 5,2023-05-28,2023-09-01,true
0x1289009e7ba60333cb54a070609ceac2c98e8c88,28,0.00,306.82,5 | 9 | 7,18 | 10 | 5,2023-05-24,2023-09-01,false
0x72c48e54398dafebad8e10072a1d9487def05019,27,0.00,372.10,5 | 9 | 7,18 | 7 | 4,2023-05-29,2023-09-05,false
0xdf39f53c1829996bfd61b4a5a701bce430b9d834,30,0.00,1978.30,5 | 10 | 7,20 | 10 | 5,2023-05-22,2023-11-17,false
0x3e0da3055707cd40e650e5d94e560b4786a3007a,33,0.00,340.75,5 | 9 | 7,20 | 10 | 5,2023-05-24,2023-10-05,false
0x92211a4f28e51215f79678f8273c94f6e9d02578,29,0.00,358.82,5 | 9 | 7,19 | 11 | 5,2023-05-26,2023-09-01,false
0xcfdca45837458b284b4a7cf4e1fe4777bac0d636,54,0.00,600.19,5 | 9 | 7,16 | 9 | 4,2023-05-28,2023-09-05,false
0x7a319315d57e7468db154face4e5f1ab5af95a91,29,0.00,248.94,5 | 9 | 7,19 | 11 | 5,2023-05-30,2023-09-01,false
0xd00f5eee5b1192b95106db14f0de0b524fbd3055,33,0.00,423.23,5 | 9 | 7,21 | 12 | 5,2023-05-25,2023-09-01,false
0xd4369c35a16e4f1e230f54dd682b7f04f90e985d,40,0.00,1736.36,5 | 9 | 6,22 | 12 | 5,2023-05-19,2023-11-17,false
0x5775f7c576ede474607d1ad109032bf89809340b,41,0.00,1952.09,5 | 9 | 6,22 | 13 | 6,2023-05-22,2023-11-17,false
0x1de1452d2339e904f5e7b11d82bfff8bd8ef1ff3,27,0.00,426.55,5 | 9 | 7,14 | 10 | 5,2023-05-28,2023-09-01,false
0x1697538d299aecdb34d2edcdf7874e9997f89807,30,0.00,287.55,5 | 9 | 7,20 | 11 | 6,2023-05-30,2023-11-02,false
0x8cdd6fa4de408f43b6ae70f2a82cc4bd420ed953,29,0.00,279.58,5 | 8 | 6,22 | 11 | 5,2023-05-30,2023-09-01,false
0x43ad51755c4eb2e42e7d1a9fb39535a17621f5e5,27,0.00,301.75,5 | 9 | 7,18 | 9 | 5,2023-05-28,2023-09-01,false
0x7b8c81aeb392dc161b98ff4d5fe85ab0d8fc0844,45,0.00,292.35,5 | 10 | 9,15 | 8 | 4,2023-05-30,2023-09-04,false
0x2d2d48c88dc54d34b4785112c966994f2e695665,32,0.00,1892.27,5 | 10 | 7,19 | 10 | 6,2023-05-22,2023-11-17,false
0xbee4a582487ef9ce173b4a78b1a7e30c11f6e502,30,0.00,352.63,5 | 9 | 7,21 | 12 | 5,2023-05-26,2023-09-01,false
0x544811f1e8b4d6f79cd7edb9adcef90f35b0b349,32,0.00,325.72,5 | 8 | 6,19 | 10 | 5,2023-05-25,2023-09-01,false
0x30fa4cc96f17f8363162e4e33db664e56b91a805,30,0.00,1928.98,5 | 10 | 6,18 | 10 | 6,2023-05-23,2023-11-17,false
0x79fdb90aa6d8036fa51cb29629d715802d328c9a,30,0.00,263.55,5 | 8 | 6,23 | 11 | 5,2023-05-28,2023-09-01,false
0xf4cbeb32314652c018f266128a2a8c3c5dc31ee7,31,0.00,319.01,5 | 9 | 7,17 | 9 | 5,2023-05-24,2023-09-01,false
0xbbed2aee331ab166de1c9e0e6d3866c49ceb2216,30,0.00,1914.65,5 | 10 | 7,17 | 9 | 5,2023-05-19,2023-11-17,false
0x6f1fc9ad70cde7be680643c8d26ab43f04b4d48f,36,0.00,1834.21,5 | 10 | 7,21 | 13 | 6,2023-05-19,2023-11-17,false
0xe55b404c12a9f26ea210feabc9fecca9f5de0377,24,0.00,364.46,5 | 9 | 7,14 | 9 | 5,2023-05-26,2023-09-01,false
0x4d433ac7611253ecff42ffc713548e2f765949e7,34,0.00,1947.61,5 | 10 | 7,21 | 12 | 6,2023-05-23,2023-11-17,false
0x65c952c2aec38e1b8a959ba032bf6cdad2dec746,27,0.00,382.58,5 | 8 | 6,16 | 8 | 4,2023-05-24,2023-09-05,false
0xf95201f79dc258128fa3c0a057f40f9d2f9a07d0,30,0.00,398.24,5 | 9 | 7,20 | 8 | 4,2023-05-30,2023-09-05,false
0x60e1249fccf8f9f881b892b0f25669392c210f7a,29,0.00,329.92,5 | 9 | 7,19 | 8 | 4,2023-05-24,2023-09-04,false
0x52b7c0a59819e47524568daa2811bba8bbe84b73,29,0.00,327.68,5 | 9 | 7,19 | 9 | 4,2023-05-24,2023-09-05,false
0xdd64f06e02e8bc01b199711c640d927a93c74509,24,0.00,374.54,5 | 8 | 6,15 | 9 | 5,2023-05-29,2023-09-01,false
0xe451f482715e16b2e73894f0a3d68d1b77fb30cd,30,0.00,2021.71,5 | 10 | 7,19 | 12 | 6,2023-05-23,2023-11-17,false
0x6dd42df6f268e67e851114fa3033c29c9513159a,30,0.00,452.96,5 | 9 | 7,19 | 10 | 5,2023-05-30,2023-09-01,false
0xcabc3f6e68d6a08a111a91b59b416fd333fde0f1,27,0.00,402.13,5 | 9 | 7,16 | 8 | 4,2023-05-28,2023-09-04,false
0xb2d146918a996d7f045f09e6c54f3b84ad4f2a9c,31,0.00,1799.24,5 | 10 | 7,21 | 10 | 6,2023-05-23,2023-11-18,false
0x31a57de2831033a8dd8b43c3ed1cece7f1331e6c,24,0.00,290.06,5 | 9 | 7,16 | 9 | 5,2023-05-28,2023-09-01,false
0x3b70979854ea37409bea3be6bdd4a2e4f0390cda,26,0.00,329.15,5 | 9 | 7,15 | 9 | 4,2023-05-28,2023-09-04,false
0x27b463f760bb40f3f14fca97b12598aee6f7c5f4,31,0.00,203.15,5 | 9 | 7,19 | 10 | 5,2023-05-29,2023-09-01,false
0xd70d058ba94c3629c6fd18e0e8c50a843929aa1d,28,0.00,2016.56,5 | 11 | 7,18 | 9 | 5,2023-05-22,2023-11-17,false
0xd1f1cfe97920370bf6c33ff03fac66d4568a522d,33,0.00,389.39,5 | 8 | 6,22 | 12 | 5,2023-05-26,2023-09-01,false
0xef5507a8f80eeda57005ce25e0a9591fc40065a3,29,0.00,315.35,5 | 9 | 7,19 | 11 | 5,2023-05-28,2023-09-01,false
0xd7b97a116ae299ea8d10c01f45c2b9fff8718e17,28,0.00,424.33,5 | 8 | 6,17 | 9 | 5,2023-05-25,2023-09-01,false
0x719f9dca775beefa485421a380aca0c585107701,28,0.00,414.26,5 | 8 | 7,16 | 10 | 5,2023-05-24,2023-09-01,false
0x1f91723013cc240b15c23fc49c0ed8c8cf7e0f0e,32,0.00,400.87,5 | 9 | 6,22 | 11 | 5,2023-05-26,2023-09-01,false
0x6fcc1b8e2da59ba2153638b92207f02b068f259d,27,0.00,327.27,5 | 8 | 6,20 | 11 | 5,2023-05-28,2023-09-01,false
0x05f9b19b61486a9d64f7d2afddfb96152720808a,30,0.00,295.64,5 | 8 | 6,20 | 9 | 4,2023-05-28,2023-09-05,false
0x94940ec439173dce69eb66736cf215300d042d53,24,0.00,250.90,5 | 9 | 7,15 | 7 | 4,2023-05-30,2023-09-04,false
0x854103ecef64b5f992aecdcfa730915cf1227c79,29,0.00,225.42,5 | 8 | 6,20 | 12 | 6,2023-05-26,2023-11-02,false
0x185101baf538203ed7888747e84f85ada81b53f4,29,0.00,338.06,5 | 9 | 6,22 | 11 | 6,2023-05-26,2023-11-02,false
0xef006c754b7e495132e543465d9e383c9645cdff,28,0.00,336.83,5 | 8 | 6,19 | 11 | 5,2023-05-26,2023-09-01,false
0xec798ba147fe9bc33bac8a866660a1c8d7c8f2b9,30,0.00,1857.38,5 | 10 | 7,19 | 13 | 6,2023-05-23,2023-11-17,false
0xe725fef176617629fc806e195589443b873a70ae,30,0.00,367.25,5 | 9 | 7,20 | 10 | 5,2023-05-25,2023-09-01,false
0xe10008a8646c2d7102db20b8123848a8fd814afe,27,0.00,1802.94,5 | 9 | 7,18 | 8 | 5,2023-05-22,2023-11-17,false
0x4e3d20c830d752435253a16eabbb8d62ec4e5099,30,0.00,385.60,5 | 9 | 7,20 | 11 | 5,2023-05-28,2023-09-01,false
0x2638de21bb6698059ab4eade855e2b89a85caa0d,31,0.00,322.66,5 | 9 | 7,20 | 10 | 5,2023-05-30,2023-09-01,false
0x9255c32d93b8a8aa461e88acc7d7f51c48893146,31,0.00,460.03,5 | 9 | 7,17 | 9 | 5,2023-05-29,2023-10-05,false
0x4f8a72715e008aba7fffa07cb642f5a506d990d5,32,0.00,351.18,5 | 9 | 7,19 | 11 | 5,2023-05-25,2023-09-01,false
0xcb33a4ed8fca590eb5200b188180342b195238c7,23,0.00,203.95,5 | 9 | 7,15 | 8 | 5,2023-05-30,2023-09-01,false
0x173b35472ce0c46497c6d69ccccb1bb60989c53c,30,0.00,405.37,5 | 9 | 7,19 | 10 | 5,2023-05-24,2023-09-01,false
0xa72b4a63e3c851b037fb5c04a8c09d41bde8744a,28,0.00,315.87,5 | 9 | 7,17 | 9 | 5,2023-05-30,2023-10-05,false
0x84260090fdbfca31b1d35a99d1ca7682888133bc,31,0.00,270.89,5 | 9 | 7,20 | 11 | 5,2023-05-30,2023-09-01,false
0x48a4da46937a44659991c4dd472f249d423988dc,27,0.00,346.71,5 | 8 | 6,18 | 9 | 5,2023-05-26,2023-10-05,false
0x2b9fc5745f0e0366bb3cf0ffc5309562fb4a53a5,32,0.00,1901.33,5 | 10 | 6,20 | 11 | 6,2023-05-24,2023-11-17,false
0x60c31a65d2ed8eb3f602532766f5c4c2621503e9,30,0.00,380.27,5 | 9 | 7,20 | 11 | 5,2023-05-28,2023-09-01,false
0xa1f84d0eba4b04e51abee82ca65b641725fa801e,25,0.00,1923.72,5 | 9 | 7,17 | 11 | 6,2023-05-23,2023-11-18,false
0xf279662fbc98a9bb71b8af10caf400ccd6c12a31,32,0.00,1930.15,5 | 10 | 7,19 | 12 | 6,2023-05-23,2023-11-18,false
0xeb363984cb0903c11b541d6b4476c14655553086,31,0.00,1936.15,5 | 10 | 7,18 | 11 | 6,2023-05-23,2023-11-17,false
0xeb820c199b00545fe9ad8d86a46b2e763c5972be,28,0.00,355.53,5 | 9 | 7,18 | 11 | 5,2023-05-29,2023-09-01,false
0x28a3ea68733de2a77eb8fb0fad9c427c0f515705,31,0.00,285.05,5 | 9 | 6,19 | 9 | 5,2023-05-25,2023-09-01,false
0x8beb38c91e84e4dff61e2c591a76a49370822d66,32,0.00,432.86,5 | 9 | 7,19 | 11 | 5,2023-05-24,2023-09-01,false
0x97e093a03a46dc70d2f4ca6ebe7d6fd7eebed0d9,32,0.00,353.62,5 | 9 | 7,21 | 10 | 5,2023-05-24,2023-09-01,false
0xa41c957688b20c28c7d0785c824fdcdeac233ccc,31,0.00,399.13,5 | 9 | 7,17 | 9 | 4,2023-06-01,2023-09-01,false
0x53015a78a50ff85d83e54a8a86ba72b02c18c4eb,29,0.00,348.94,5 | 9 | 7,18 | 11 | 5,2023-05-24,2023-09-01,false
0x34abed0604cc774aa88a67444ab2f21ba0a55b29,30,0.00,381.14,5 | 9 | 7,18 | 11 | 5,2023-05-30,2023-09-01,false
0xd0b10237b7aa5128607bc4b9a2901f00511347ea,28,0.00,291.22,5 | 8 | 6,19 | 10 | 5,2023-05-30,2023-09-01,false
0x46fe134421651269863792c2104e3c79989b10b3,28,0.00,373.09,5 | 9 | 7,18 | 9 | 4,2023-05-28,2023-09-05,false
0x9ed24d4c15c02593d34a71848997ccbbcea8f703,29,0.00,346.33,5 | 9 | 7,18 | 10 | 5,2023-05-25,2023-10-05,false
0x58fc93862129ee1e29366eddd82bc94d708ff3b7,28,0.00,1740.08,5 | 10 | 7,20 | 12 | 6,2023-05-23,2023-11-17,false
0xca4634890deda0845dfb1d85d5dfb4f7f4487354,0,0.00,0.00,0 | 0 | 0,0 | 0 | 0,,,false
0xca4634890deda0845dfb1d85d5dfb4f7f4487354,0,0.00,0.00,0 | 0 | 0,0 | 0 | 0,,,false
0xca4634890deda0845dfb1d85d5dfb4f7f4487354,0,0.00,0.00,0 | 0 | 0,0 | 0 | 0,,,false
0x00b97e17dd1ecbc4ea45032dbae9783ac71c5b69,28,0.00,379.73,5 | 8 | 6,19 | 10 | 5,2023-05-29,2023-09-01,false
0x4e4720aa660016281bb48135bf4ce5a3be4ffb86,65,0.00,282.30,7 | 12 | 9,21 | 11 | 5,2023-05-30,2023-09-01,false
0x55c9bf7aed68cfe9b21431b3e612f02ed2370ac4,22,0.00,248.40,5 | 9 | 7,15 | 8 | 5,2023-05-30,2023-09-01,false
0x3bd9ba5e8812ba757b566799f51a0849c24c9f3e,33,0.00,294.73,5 | 8 | 6,24 | 11 | 5,2023-05-25,2023-09-01,false
0x1ef081c22533354738cbae88857335a1ec8c0365,29,0.00,334.29,5 | 9 | 7,16 | 10 | 4,2023-06-01,2023-09-01,false
0xa6616eb7b8cc2148544a4bbca02bae120ee9d15e,37,0.00,1896.07,5 | 10 | 7,22 | 12 | 6,2023-05-23,2023-11-17,false
0x43a88e1bf3e3d44e0ad7ce12eb42f7ae3665fe9e,28,0.00,346.81,5 | 9 | 7,17 | 9 | 5,2023-05-26,2023-10-05,false
0x2377b5fbb0c02eeb7e2f3b570e6cf4668559f939,150,28.17,1628.90,9 | 13 | 6,26 | 13 | 6,2023-02-24,2023-10-30,false
0x6f0861432e3ccd6ee307066464f1884069166307,36,0.00,320.47,5 | 9 | 7,24 | 11 | 5,2023-05-25,2023-09-01,false
0xe3c4bfb5b1c4e984300a1b942d002194497d6858,31,0.00,341.79,5 | 9 | 7,21 | 11 | 5,2023-05-24,2023-09-01,false
0xc8b0387d08b87706d4cb32a732c23d51ec51405e,25,0.00,237.11,5 | 9 | 7,14 | 7 | 4,2023-05-30,2023-09-04,false
0x209bdaee09daa0370fafadc18c1413f9c7c70454,26,0.00,313.27,5 | 9 | 7,15 | 8 | 4,2023-05-26,2023-09-04,false
0x5df981bbd779d4265592f2a1f76927e18d04c94a,28,0.00,401.22,5 | 8 | 6,17 | 10 | 4,2023-05-26,2023-08-20,false
0x23e9b1b79e4b35ae7149f1efaa83385fe86e6123,30,0.00,397.75,5 | 9 | 7,17 | 9 | 5,2023-05-29,2023-10-05,false
0x1e403bbafc039df4132dee5076d1da05a8a0e463,31,0.00,406.16,5 | 8 | 7,19 | 13 | 6,2023-05-24,2023-11-02,false
0x75c0dc377ac20bf52d4cf4058386de1bb3af08c5,22,0.00,313.31,5 | 9 | 7,13 | 7 | 4,2023-05-30,2023-09-04,false
0x9665b507aac9fe8cd3127f94784313760e9ab80b,30,0.00,374.17,5 | 9 | 7,20 | 8 | 4,2023-05-30,2023-09-04,false
0x8d26e499377556aec66d993ad818c40949374e77,222,0.12,360.14,11 | 21 | 11,41 | 20 | 8,2023-04-12,2023-11-14,true
0xf0cf6d59f241bbd191bd1aff41dcfb4955090655,47,0.03,91.05,6 | 17 | 6,18 | 11 | 8,2023-04-20,2023-11-14,false
0x25788c6a8b55d1df29a46b17b4277fa583f18504,51,0.10,86.28,6 | 14 | 5,16 | 11 | 7,2023-04-20,2023-11-14,false
0x716578fc8e1383e704f87bf66640b9585be8762c,51,0.06,86.33,6 | 14 | 5,15 | 11 | 7,2023-04-20,2023-11-14,false
0x80c0685d437d7fde7daee37a249db039ca8c968d,46,0.03,71.19,6 | 16 | 8,17 | 12 | 8,2023-04-20,2023-11-14,false
0xbc2d31de657b9b4dbcaec7cd0e4dbb6e38d1f7e5,55,0.09,91.57,6 | 14 | 6,14 | 9 | 7,2023-04-19,2023-11-14,false
0xcfdca45837458b284b4a7cf4e1fe4777bac0d636,54,0.00,600.19,5 | 9 | 7,16 | 9 | 4,2023-05-28,2023-09-05,false
0x2377b5fbb0c02eeb7e2f3b570e6cf4668559f939,150,28.17,1628.90,9 | 13 | 6,26 | 13 | 6,2023-02-24,2023-10-30,false
0xa1a40f126a5ceecd9f390879a07bf29f8263a868,56,0.00,703.14,5 | 9 | 7,16 | 11 | 5,2023-05-26,2023-09-01,false
0xf21cb22cbb056505140bb724538dbdb1b717ad7f,50,0.00,766.41,5 | 9 | 7,15 | 9 | 5,2023-05-26,2023-09-01,false
0x316c7be71ddf3d74e426d02fef8b3cd9beeac1f3,0,0.00,0.00,0 | 0 | 0,0 | 0 | 0,,,false
0xaf2add8ec7b21c09eef945efb1f23bcb727b0830,1,0.00,476.45,1 | 1 | 1,1 | 1 | 1,2023-11-30,2023-11-30,false
0xa9817be70a441afecff3a4ce3aa4e59fb3b06e24,4,0.00,0.00,1 | 1 | 1,2 | 2 | 1,2022-10-23,2022-10-24,false
0x6f66a7bdebf0ab4df345fc5f12384072e5aab620,0,0.00,0.00,0 | 0 | 0,0 | 0 | 0,,,false
0x4b9259c571e296a16f1c485df2c66d15c2398882,0,0.00,0.00,0 | 0 | 0,0 | 0 | 0,,,false
0x4b9259c571e296a16f1c485df2c66d15c2398882,0,0.00,0.00,0 | 0 | 0,0 | 0 | 0,,,false
0xf73dd8e6adc319f28358a749e3ee76988da330a4,0,0.00,0.00,0 | 0 | 0,0 | 0 | 0,,,false
0x3e98da13e184ea1467639bf642f804144539694d,0,0.00,0.00,0 | 0 | 0,0 | 0 | 0,,,false
0xcb5a998cd81ff0d7613981a64ea2b1d49783b8e5,0,0.00,0.00,0 | 0 | 0,0 | 0 | 0,,,false
0xcb5a998cd81ff0d7613981a64ea2b1d49783b8e5,0,0.00,0.00,0 | 0 | 0,0 | 0 | 0,,,false
0x96e20c00b6cd3fdfb87d1641df934f074ae43d62,0,0.00,0.00,0 | 0 | 0,0 | 0 | 0,,,false
0x96e20c00b6cd3fdfb87d1641df934f074ae43d62,0,0.00,0.00,0 | 0 | 0,0 | 0 | 0,,,false
0x81deed325804f3fe9a896b40df8a700a813bc680,0,0.00,0.00,0 | 0 | 0,0 | 0 | 0,,,false
0xe21efe617bd3cf0bd22a2eaa5749c5d6938cb645,75,0.00,7465.82,7 | 8 | 6,15 | 10 | 8,2022-11-27,2023-12-09,false
0xe21efe617bd3cf0bd22a2eaa5749c5d6938cb645,75,0.00,7465.82,7 | 8 | 6,15 | 10 | 8,2022-11-27,2023-12-09,false
0xe21efe617bd3cf0bd22a2eaa5749c5d6938cb645,75,0.00,7465.82,7 | 8 | 6,15 | 10 | 8,2022-11-27,2023-12-09,false
0x095ba26df076ff2ebb2ed627f5b1a143175b5167,0,0.00,0.00,0 | 0 | 0,0 | 0 | 0,,,false
0xe9c16613f962d5c27e385927bc3c22ef25cb9afb,0,0.00,0.00,0 | 0 | 0,0 | 0 | 0,,,false
0xf8d30a11e2cf48e206a86e636a0f3618c24d0c38,0,0.00,0.00,0 | 0 | 0,0 | 0 | 0,,,false
0xec01aa65a19579f794d800e429f9d15a1ad32005,0,0.00,0.00,0 | 0 | 0,0 | 0 | 0,,,false
0x3c5cd53b2739f46bee4ac5616c29435b1915a59c,0,0.00,0.00,0 | 0 | 0,0 | 0 | 0,,,false
0x3c5cd53b2739f46bee4ac5616c29435b1915a59c,0,0.00,0.00,0 | 0 | 0,0 | 0 | 0,,,false
